exercise,status,media_kind,equipment,available_views,source,license,review,professional_signoff
Brisk Marching in Place,replacement-needed,generated-reference,No equipment; clear floor space,Reference (Reference),assets/cinematic/home-march.webp,Original source/licence unverified; retained existing repository reference,Male illustrated reference retained from the existing project and visually reviewed. Real male photograph / footage and original provenance still required; not approved as real-trainer media.,False
Cat-Cow,approved-photo-only,real-photograph,Floor / optional mat,Position 1 (Photographed reference view (uncategorised)); Position 2 (Photographed reference view (uncategorised)),https://github.com/yuhonas/free-exercise-db/tree/main/exercises/Cat_Stretch,Unlicense,"Visually reviewed: male demonstrator and exact exercise/equipment. Native source resolution retained; positions are static, never morphed.",False
Hip Flexor Stretch,approved-photo-only,real-photograph,Floor / optional mat,Position 1 (Photographed reference view (uncategorised)); Position 2 (Photographed reference view (uncategorised)),https://github.com/yuhonas/free-exercise-db/tree/main/exercises/Kneeling_Hip_Flexor,Unlicense,"Male demonstrator and matching exercise/equipment visually reviewed; unaltered positions, native image resolution.",False
Glute Bridges,approved-photo-only,real-photograph,Floor / optional mat,Position 1 (Photographed reference view (uncategorised)); Position 2 (Photographed reference view (uncategorised)),https://github.com/yuhonas/free-exercise-db/tree/main/exercises/Butt_Lift_Bridge,Unlicense,"Visually reviewed: male demonstrator and exact exercise/equipment. Native source resolution retained; positions are static, never morphed.",False
Bird-Dog,replacement-needed,generated-reference,Floor / optional mat,Reference (Reference),assets/cinematic/home-bird-dog.webp,Original source/licence unverified; retained existing repository reference,Male illustrated reference retained from the existing project and visually reviewed. Real male photograph / footage and original provenance still required; not approved as real-trainer media.,False
Plank,replacement-needed,generated-reference,Floor / optional mat,Reference (Reference),assets/cinematic/home-plank.webp,Original source/licence unverified; retained existing repository reference,Male illustrated reference retained from the existing project and visually reviewed. Real male photograph / footage and original provenance still required; not approved as real-trainer media.,False
Stomach Vacuum,approved-photo-only,real-photograph,No equipment; floor or standing,Position 1 (Photographed reference view (uncategorised)); Position 2 (Photographed reference view (uncategorised)),https://github.com/yuhonas/free-exercise-db/tree/main/exercises/Stomach_Vacuum,Unlicense,"Visually reviewed: male demonstrator and exact exercise/equipment. Native source resolution retained; positions are static, never morphed.",False
Pelvic Floor (Kegel),replacement-needed,generated-reference,Chair or floor; no externally visible movement,Reference (Reference),assets/cinematic/home-breathing.webp,Original source/licence unverified; retained existing repository reference,Male illustrated reference retained from the existing project and visually reviewed. Real male photograph / footage and original provenance still required; not approved as real-trainer media.,False
Hand Grip,replacement-needed,generated-reference,Grip trainer or empty hand,Reference (Reference),assets/cinematic/home-hand-grip.webp,Original source/licence unverified; retained existing repository reference,Male illustrated reference retained from the existing project and visually reviewed. Real male photograph / footage and original provenance still required; not approved as real-trainer media.,False
Stationary Bike,replacement-needed,generated-reference,Stationary exercise bike,Reference (Reference),assets/cinematic/stationary-bike.webp,Original source/licence unverified; retained existing repository reference,Male illustrated reference retained from the existing project and visually reviewed. Real male photograph / footage and original provenance still required; not approved as real-trainer media.,False
Leg Press,approved-photo-only,real-photograph,Seated leg-press machine,Position 1 (Photographed reference view (uncategorised)); Position 2 (Photographed reference view (uncategorised)),https://github.com/yuhonas/free-exercise-db/tree/main/exercises/Leg_Press,Unlicense,"Visually reviewed: male demonstrator and exact exercise/equipment. Native source resolution retained; positions are static, never morphed.",False
Back Extension,approved-photo-only,real-photograph,Back-extension bench or machine,Position 1 (Photographed reference view (uncategorised)); Position 2 (Photographed reference view (uncategorised)),https://github.com/yuhonas/free-exercise-db/tree/main/exercises/Hyperextensions_Back_Extensions,Unlicense,"Visually reviewed: male demonstrator and exact exercise/equipment. Native source resolution retained; positions are static, never morphed.",False
Chest Press,approved-photo-only,real-photograph,Seated chest-press machine,Position 1 (Photographed reference view (uncategorised)); Position 2 (Photographed reference view (uncategorised)),https://github.com/yuhonas/free-exercise-db/tree/main/exercises/Machine_Bench_Press,Unlicense,"Visually reviewed: male demonstrator and exact exercise/equipment. Native source resolution retained; positions are static, never morphed.",False
Seated Cable Row,approved-photo-only,real-photograph,"Cable row machine, foot platform and two-hand handle",Position 1 (Photographed reference view (uncategorised)); Position 2 (Photographed reference view (uncategorised)),https://github.com/yuhonas/free-exercise-db/tree/main/exercises/Seated_Cable_Rows,Unlicense,"Visually reviewed: male demonstrator and exact exercise/equipment. Native source resolution retained; positions are static, never morphed.",False
Lat Pulldown,approved-photo-only,real-photograph,"Lat-pulldown machine, long overhand bar",Position 1 (Photographed reference view (uncategorised)); Position 2 (Photographed reference view (uncategorised)),https://github.com/yuhonas/free-exercise-db/tree/main/exercises/Wide-Grip_Lat_Pulldown,Unlicense,"Visually reviewed: male demonstrator and exact exercise/equipment. Native source resolution retained; positions are static, never morphed.",False
Cooldown Stretches,replacement-needed,generated-reference,"Floor, stable post / doorway",Reference (Reference),assets/cinematic/cooldown-stretches.webp,Original source/licence unverified; retained existing repository reference,Male illustrated reference retained from the existing project and visually reviewed. Real male photograph / footage and original provenance still required; not approved as real-trainer media.,False
Football Warm-up Jog,approved-video,real-footage,Sport / activity space; no dedicated gym equipment,Three-quarter (Three-quarter),https://www.pexels.com/video/man-warming-up-on-a-soccer-field-7187117/,Pexels License,"Reviewed at start, middle and finish: real male demonstrator, full relevant movement and stable camera. Matching poster extracted; original frame rate retained. Replay rather than an artificial seamless loop.",False
Football Dynamic Stretches,replacement-needed,generated-reference,Sport / activity space; no dedicated gym equipment,Reference (Reference),assets/cinematic/football-dynamic.webp,Original source/licence unverified; retained existing repository reference,Male illustrated reference retained from the existing project and visually reviewed. Real male photograph / footage and original provenance still required; not approved as real-trainer media.,False
Lateral Shuffles & Carioca,replacement-needed,generated-reference,Sport / activity space; no dedicated gym equipment,Reference (Reference),assets/cinematic/football-agility.webp,Original source/licence unverified; retained existing repository reference,Male illustrated reference retained from the existing project and visually reviewed. Real male photograph / footage and original provenance still required; not approved as real-trainer media.,False
Football Build-up Strides,replacement-needed,generated-reference,Sport / activity space; no dedicated gym equipment,Reference (Reference),assets/cinematic/football-stride.webp,Original source/licence unverified; retained existing repository reference,Male illustrated reference retained from the existing project and visually reviewed. Real male photograph / footage and original provenance still required; not approved as real-trainer media.,False
Football Match,replacement-needed,generated-reference,Sport / activity space; no dedicated gym equipment,Reference (Reference),assets/cinematic/football-agility.webp,Original source/licence unverified; retained existing repository reference,Male illustrated reference retained from the existing project and visually reviewed. Real male photograph / footage and original provenance still required; not approved as real-trainer media.,False
Football Cooldown Jog,approved-video,real-footage,Sport / activity space; no dedicated gym equipment,Three-quarter (Three-quarter),https://www.pexels.com/video/man-warming-up-on-a-soccer-field-7187117/,Pexels License,"Reviewed at start, middle and finish: real male demonstrator, full relevant movement and stable camera. Matching poster extracted; original frame rate retained. Replay rather than an artificial seamless loop.",False
Football Static Stretches,replacement-needed,generated-reference,Sport / activity space; no dedicated gym equipment,Reference (Reference),assets/cinematic/football-dynamic.webp,Original source/licence unverified; retained existing repository reference,Male illustrated reference retained from the existing project and visually reviewed. Real male photograph / footage and original provenance still required; not approved as real-trainer media.,False
Padel Warm-up Jog,replacement-needed,generated-reference,Sport / activity space; no dedicated gym equipment,Reference (Reference),assets/cinematic/padel-jog.webp,Original source/licence unverified; retained existing repository reference,Male illustrated reference retained from the existing project and visually reviewed. Real male photograph / footage and original provenance still required; not approved as real-trainer media.,False
Padel Dynamic Stretches,replacement-needed,generated-reference,Sport / activity space; no dedicated gym equipment,Reference (Reference),assets/cinematic/padel-dynamic.webp,Original source/licence unverified; retained existing repository reference,Male illustrated reference retained from the existing project and visually reviewed. Real male photograph / footage and original provenance still required; not approved as real-trainer media.,False
Padel Shoulder Prep,replacement-needed,generated-reference,Sport / activity space; no dedicated gym equipment,Reference (Reference),assets/cinematic/padel-shoulder-prep.webp,Original source/licence unverified; retained existing repository reference,Male illustrated reference retained from the existing project and visually reviewed. Real male photograph / footage and original provenance still required; not approved as real-trainer media.,False
Padel Sport-Specific Warm-up,replacement-needed,generated-reference,Padel racket and court,Reference (Reference),assets/cinematic/padel-shadow-swing.webp,Original source/licence unverified; retained existing repository reference,Male illustrated reference retained from the existing project and visually reviewed. Real male photograph / footage and original provenance still required; not approved as real-trainer media.,False
Padel Match,replacement-needed,generated-reference,Padel racket and court,Reference (Reference),assets/cinematic/padel-shadow-swing.webp,Original source/licence unverified; retained existing repository reference,Male illustrated reference retained from the existing project and visually reviewed. Real male photograph / footage and original provenance still required; not approved as real-trainer media.,False
Padel Cooldown Walk,replacement-needed,generated-reference,Sport / activity space; no dedicated gym equipment,Reference (Reference),assets/cinematic/padel-jog.webp,Original source/licence unverified; retained existing repository reference,Male illustrated reference retained from the existing project and visually reviewed. Real male photograph / footage and original provenance still required; not approved as real-trainer media.,False
Padel Static Stretches,replacement-needed,generated-reference,Sport / activity space; no dedicated gym equipment,Reference (Reference),assets/cinematic/padel-dynamic.webp,Original source/licence unverified; retained existing repository reference,Male illustrated reference retained from the existing project and visually reviewed. Real male photograph / footage and original provenance still required; not approved as real-trainer media.,False
Easy Jog or Brisk Walk,replacement-needed,generated-reference,Sport / activity space; no dedicated gym equipment,Reference (Reference),assets/cinematic/outdoor-easy-jog.webp,Original source/licence unverified; retained existing repository reference,Male illustrated reference retained from the existing project and visually reviewed. Real male photograph / footage and original provenance still required; not approved as real-trainer media.,False
Full-Body Dynamic Stretch,replacement-needed,generated-reference,Sport / activity space; no dedicated gym equipment,Reference (Reference),assets/cinematic/outdoor-dynamic-stretch.webp,Original source/licence unverified; retained existing repository reference,Male illustrated reference retained from the existing project and visually reviewed. Real male photograph / footage and original provenance still required; not approved as real-trainer media.,False
Movement-Specific Drills,replacement-needed,generated-reference,Sport / activity space; no dedicated gym equipment,Reference (Reference),assets/cinematic/outdoor-movement-drill.webp,Original source/licence unverified; retained existing repository reference,Male illustrated reference retained from the existing project and visually reviewed. Real male photograph / footage and original provenance still required; not approved as real-trainer media.,False
Log Your Activity,replacement-needed,generated-reference,Sport / activity space; no dedicated gym equipment,Reference (Reference),assets/cinematic/outdoor-movement-drill.webp,Original source/licence unverified; retained existing repository reference,Male illustrated reference retained from the existing project and visually reviewed. Real male photograph / footage and original provenance still required; not approved as real-trainer media.,False
Walk & Breathe Down,replacement-needed,generated-reference,Sport / activity space; no dedicated gym equipment,Reference (Reference),assets/cinematic/outdoor-easy-jog.webp,Original source/licence unverified; retained existing repository reference,Male illustrated reference retained from the existing project and visually reviewed. Real male photograph / footage and original provenance still required; not approved as real-trainer media.,False
Full-Body Static Stretch,replacement-needed,generated-reference,Sport / activity space; no dedicated gym equipment,Reference (Reference),assets/cinematic/outdoor-static-stretch.webp,Original source/licence unverified; retained existing repository reference,Male illustrated reference retained from the existing project and visually reviewed. Real male photograph / footage and original provenance still required; not approved as real-trainer media.,False
Hydrate & Refuel,replacement-needed,generated-reference,Sport / activity space; no dedicated gym equipment,Reference (Reference),assets/cinematic/outdoor-hydrate.webp,Original source/licence unverified; retained existing repository reference,Male illustrated reference retained from the existing project and visually reviewed. Real male photograph / footage and original provenance still required; not approved as real-trainer media.,False
Easy Warm-up Walk,replacement-needed,generated-reference,Sport / activity space; no dedicated gym equipment,Reference (Reference),assets/cinematic/treadmill-warmup.webp,Original source/licence unverified; retained existing repository reference,Male illustrated reference retained from the existing project and visually reviewed. Real male photograph / footage and original provenance still required; not approved as real-trainer media.,False
Incline Treadmill Walk,replacement-needed,generated-reference,Sport / activity space; no dedicated gym equipment,Reference (Reference),assets/cinematic/treadmill-incline.webp,Original source/licence unverified; retained existing repository reference,Male illustrated reference retained from the existing project and visually reviewed. Real male photograph / footage and original provenance still required; not approved as real-trainer media.,False
Easy Cooldown + Stretch,replacement-needed,generated-reference,Sport / activity space; no dedicated gym equipment,Reference (Reference),assets/cinematic/treadmill-cooldown.webp,Original source/licence unverified; retained existing repository reference,Male illustrated reference retained from the existing project and visually reviewed. Real male photograph / footage and original provenance still required; not approved as real-trainer media.,False
Incline Dumbbell Press,approved-photo-only,real-photograph,Dumbbells and incline bench,Position 1 (Photographed reference view (uncategorised)); Position 2 (Photographed reference view (uncategorised)),https://github.com/yuhonas/free-exercise-db/tree/main/exercises/Incline_Dumbbell_Press,Unlicense,"Visually reviewed: male demonstrator and exact exercise/equipment. Native source resolution retained; positions are static, never morphed.",False
Dumbbell Bench Press,approved-photo-only,real-photograph,Dumbbells and flat bench,Position 1 (Photographed reference view (uncategorised)); Position 2 (Photographed reference view (uncategorised)),https://github.com/yuhonas/free-exercise-db/tree/main/exercises/Dumbbell_Bench_Press,Unlicense,"Visually reviewed: male demonstrator and exact exercise/equipment. Native source resolution retained; positions are static, never morphed.",False
Cable Fly,approved-photo-only,real-photograph,Dual cable pulleys and handles,Position 1 (Photographed reference view (uncategorised)); Position 2 (Photographed reference view (uncategorised)),https://github.com/yuhonas/free-exercise-db/tree/main/exercises/Cable_Crossover,Unlicense,"Visually reviewed: male demonstrator and exact exercise/equipment. Native source resolution retained; positions are static, never morphed.",False
Machine Chest Fly,approved-photo-only,real-photograph,Pec-deck / chest-fly machine,Position 1 (Photographed reference view (uncategorised)); Position 2 (Photographed reference view (uncategorised)),https://github.com/yuhonas/free-exercise-db/tree/main/exercises/Butterfly,Unlicense,"Visually reviewed: male demonstrator and exact exercise/equipment. Native source resolution retained; positions are static, never morphed.",False
Neutral Grip Lat Pulldown,approved-photo-only,real-photograph,Lat-pulldown machine with parallel-grip handle,Position 1 (Photographed reference view (uncategorised)); Position 2 (Photographed reference view (uncategorised)),https://github.com/yuhonas/free-exercise-db/tree/main/exercises/Close-Grip_Front_Lat_Pulldown,Unlicense,"Visually reviewed: male demonstrator and exact exercise/equipment. Native source resolution retained; positions are static, never morphed.",False
Chest-Supported Row,approved-photo-only,real-photograph,Chest-supported T-bar machine (shown); bench variant also supported,Position 1 (Oblique); Position 2 (Oblique),https://github.com/yuhonas/free-exercise-db/tree/main/exercises/Lying_T-Bar_Row,Unlicense,"Male demonstrator and matching exercise/equipment visually reviewed; native image resolution retained, photographed positions only. No generated movement.",False
Bulgarian Split Squat,approved-photo-only,real-photograph,Dumbbells and low bench (shown),Position 1 (Oblique); Position 2 (Oblique),https://github.com/yuhonas/free-exercise-db/tree/main/exercises/Split_Squat_with_Dumbbells,Unlicense,"Male demonstrator and matching exercise/equipment visually reviewed; native image resolution retained, photographed positions only. No generated movement.",False
Hip Thrust Machine,replacement-needed,generated-reference,Hip-thrust machine with belt / pad,Reference (Reference),assets/cinematic/hip-thrust-machine.webp,Original source/licence unverified; retained existing repository reference,Male illustrated reference retained from the existing project and visually reviewed. Real male photograph / footage and original provenance still required; not approved as real-trainer media.,False
Lying Leg Curl,approved-photo-only,real-photograph,Prone leg-curl machine,Position 1 (Photographed reference view (uncategorised)); Position 2 (Photographed reference view (uncategorised)),https://github.com/yuhonas/free-exercise-db/tree/main/exercises/Lying_Leg_Curls,Unlicense,"Visually reviewed: male demonstrator and exact exercise/equipment. Native source resolution retained; positions are static, never morphed.",False
Dumbbell Lateral Raise,approved-photo-only,real-photograph,Pair of dumbbells,Position 1 (Photographed reference view (uncategorised)); Position 2 (Photographed reference view (uncategorised)),https://github.com/yuhonas/free-exercise-db/tree/main/exercises/Side_Lateral_Raise,Unlicense,"Visually reviewed: male demonstrator and exact exercise/equipment. Native source resolution retained; positions are static, never morphed.",False
Cable Lateral Raise,approved-photo-only,real-photograph,Low cable pulley and single handle,Position 1 (Photographed reference view (uncategorised)); Position 2 (Photographed reference view (uncategorised)),https://github.com/yuhonas/free-exercise-db/tree/main/exercises/Standing_Low-Pulley_Deltoid_Raise,Unlicense,"Visually reviewed: male demonstrator and exact exercise/equipment. Native source resolution retained; positions are static, never morphed.",False
Face Pull,approved-photo-only,real-photograph,Cable pulley and rope handle,Position 1 (Photographed reference view (uncategorised)); Position 2 (Photographed reference view (uncategorised)),https://github.com/yuhonas/free-exercise-db/tree/main/exercises/Face_Pull,Unlicense,"Visually reviewed: male demonstrator and exact exercise/equipment. Native source resolution retained; positions are static, never morphed.",False
Incline Dumbbell Curl,approved-photo-only,real-photograph,Dumbbells and incline bench,Position 1 (Photographed reference view (uncategorised)); Position 2 (Photographed reference view (uncategorised)),https://github.com/yuhonas/free-exercise-db/tree/main/exercises/Incline_Dumbbell_Curl,Unlicense,"Visually reviewed: male demonstrator and exact exercise/equipment. Native source resolution retained; positions are static, never morphed.",False
Cable Tricep Pushdown,approved-photo-only,real-photograph,High cable pulley and bar handle,Position 1 (Photographed reference view (uncategorised)); Position 2 (Photographed reference view (uncategorised)),https://github.com/yuhonas/free-exercise-db/tree/main/exercises/Triceps_Pushdown,Unlicense,"Visually reviewed: male demonstrator and exact exercise/equipment. Native source resolution retained; positions are static, never morphed.",False
Tricep Rope Extension,approved-photo-only,real-photograph,Cable pulley and rope handle,Position 1 (Photographed reference view (uncategorised)); Position 2 (Photographed reference view (uncategorised)),https://github.com/yuhonas/free-exercise-db/tree/main/exercises/Cable_Rope_Overhead_Triceps_Extension,Unlicense,"Visually reviewed: male demonstrator and exact exercise/equipment. Native source resolution retained; positions are static, never morphed.",False
Hanging Knee Raise,replacement-needed,cue-only,Secure overhead bar,,,No approved asset,No exact male photograph or footage approved. Show exercise-specific cues; replacement asset still required.,False
Push-ups,approved-video,real-footage,Floor / optional mat,Side (Side),https://www.pexels.com/video/a-man-doing-push-ups-5802475/,Pexels License,"Reviewed at start, middle and finish: real male demonstrator, full relevant movement and stable camera. Matching poster extracted; original frame rate retained. Replay rather than an artificial seamless loop.",False
Romanian Deadlift (RDL),approved-photo-only,real-photograph,Barbell and plates,Position 1 (Photographed reference view (uncategorised)); Position 2 (Photographed reference view (uncategorised)),https://github.com/yuhonas/free-exercise-db/tree/main/exercises/Romanian_Deadlift,Unlicense,"Visually reviewed: male demonstrator and exact exercise/equipment. Native source resolution retained; positions are static, never morphed.",False
Single-Arm Dumbbell Row,approved-photo-only,real-photograph,Dumbbell and flat bench,Position 1 (Photographed reference view (uncategorised)); Position 2 (Photographed reference view (uncategorised)),https://github.com/yuhonas/free-exercise-db/tree/main/exercises/One-Arm_Dumbbell_Row,Unlicense,"Visually reviewed: male demonstrator and exact exercise/equipment. Native source resolution retained; positions are static, never morphed.",False
Dumbbell Floor Press,approved-photo-only,real-photograph,Dumbbells and floor / mat,Position 1 (Photographed reference view (uncategorised)); Position 2 (Photographed reference view (uncategorised)),https://github.com/yuhonas/free-exercise-db/tree/main/exercises/Dumbbell_Floor_Press,Unlicense,"Visually reviewed: male demonstrator and exact exercise/equipment. Native source resolution retained; positions are static, never morphed.",False
Banded Chest Press,replacement-needed,cue-only,Resistance band and secure anchor,,,No approved asset,No exact male photograph or footage approved. Show exercise-specific cues; replacement asset still required.,False
Banded Row,replacement-needed,cue-only,Resistance band and secure anchor,,,No approved asset,No exact male photograph or footage approved. Show exercise-specific cues; replacement asset still required.,False
Prone Bodyweight Row,replacement-needed,cue-only,Floor / optional mat,,,No approved asset,No exact male photograph or footage approved. Show exercise-specific cues; replacement asset still required.,False
Resistance Band Pulldown,replacement-needed,generated-reference,Resistance band and secure overhead anchor,Reference (Reference),assets/cinematic/resistance-band-pulldown.webp,Original source/licence unverified; retained existing repository reference,Male illustrated reference retained from the existing project and visually reviewed. Real male photograph / footage and original provenance still required; not approved as real-trainer media.,False
Dumbbell Pullover,approved-photo-only,real-photograph,Dumbbell and flat bench,Position 1 (Photographed reference view (uncategorised)); Position 2 (Photographed reference view (uncategorised)),https://github.com/yuhonas/free-exercise-db/tree/main/exercises/Straight-Arm_Dumbbell_Pullover,Unlicense,"Male demonstrator and matching exercise/equipment visually reviewed; unaltered positions, native image resolution.",False
Kneeling Lat Prayer,replacement-needed,cue-only,Bench or stable support,,,No approved asset,No exact male photograph or footage approved. Show exercise-specific cues; replacement asset still required.,False
Good Mornings,approved-photo-only,real-photograph,Barbell,Position 1 (Oblique); Position 2 (Oblique),https://github.com/yuhonas/free-exercise-db/tree/main/exercises/Good_Morning,Unlicense,"Male demonstrator and matching exercise/equipment visually reviewed; native image resolution retained, photographed positions only. No generated movement.",False
Banded Good Morning,approved-photo-only,real-photograph,Resistance band,Position 1 (Photographed reference view (uncategorised)); Position 2 (Photographed reference view (uncategorised)),https://github.com/yuhonas/free-exercise-db/tree/main/exercises/Band_Good_Morning,Unlicense,"Male demonstrator and matching exercise/equipment visually reviewed; unaltered positions, native image resolution.",False
Dumbbell Hip Thrust,replacement-needed,cue-only,Dumbbell and stable bench,,,No approved asset,No exact male photograph or footage approved. Show exercise-specific cues; replacement asset still required.,False
Banded Hip Thrust,replacement-needed,cue-only,Resistance band and stable bench / anchor,,,No approved asset,No exact male photograph or footage approved. Show exercise-specific cues; replacement asset still required.,False
Goblet Squat,approved-photo-only,real-photograph,Dumbbell or kettlebell,Position 1 (Photographed reference view (uncategorised)); Position 2 (Photographed reference view (uncategorised)),https://github.com/yuhonas/free-exercise-db/tree/main/exercises/Goblet_Squat,Unlicense,"Visually reviewed: male demonstrator and exact exercise/equipment. Native source resolution retained; positions are static, never morphed.",False
Barbell Back Squat,approved-photo-only,real-photograph,"Barbell, plates and squat rack",Position 1 (Oblique); Position 2 (Oblique),https://github.com/yuhonas/free-exercise-db/tree/main/exercises/Barbell_Full_Squat,Unlicense,"Male demonstrator and matching exercise/equipment visually reviewed; native image resolution retained, photographed positions only. No generated movement.",False
Barbell Bent-Over Row,approved-photo-only,real-photograph,Barbell and plates,Position 1 (Oblique); Position 2 (Oblique),https://github.com/yuhonas/free-exercise-db/tree/main/exercises/Bent_Over_Barbell_Row,Unlicense,"Male demonstrator and matching exercise/equipment visually reviewed; native image resolution retained, photographed positions only. No generated movement.",False
Single-Leg RDL,replacement-needed,generated-reference,Dumbbell (shown); balance space,Reference (Reference),assets/cinematic/single-leg-rdl.webp,Original source/licence unverified; retained existing repository reference,Male illustrated reference retained from the existing project and visually reviewed. Real male photograph / footage and original provenance still required; not approved as real-trainer media.,False
Leg Extension,approved-photo-only,real-photograph,Seated leg-extension machine,Position 1 (Oblique); Position 2 (Oblique),https://github.com/yuhonas/free-exercise-db/tree/main/exercises/Leg_Extensions,Unlicense,"Male demonstrator and matching exercise/equipment visually reviewed; native image resolution retained, photographed positions only. No generated movement.",False
Barbell Hip Thrust,approved-photo-only,real-photograph,"Barbell, pad and stable bench",Position 1 (Photographed reference view (uncategorised)); Position 2 (Photographed reference view (uncategorised)),https://github.com/yuhonas/free-exercise-db/tree/main/exercises/Barbell_Hip_Thrust,Unlicense,"Male demonstrator and matching exercise/equipment visually reviewed; unaltered positions, native image resolution.",False
Cable Pull-Through,replacement-needed,generated-reference,Low cable pulley and rope handle,Reference (Reference),assets/cinematic/cable-pull-through.webp,Original source/licence unverified; retained existing repository reference,Male illustrated reference retained from the existing project and visually reviewed. Real male photograph / footage and original provenance still required; not approved as real-trainer media.,False
Single-Leg Glute Bridge,approved-photo-only,real-photograph,Floor / optional mat,Position 1 (Photographed reference view (uncategorised)); Position 2 (Photographed reference view (uncategorised)),https://github.com/yuhonas/free-exercise-db/tree/main/exercises/Single_Leg_Glute_Bridge,Unlicense,"Male demonstrator and matching exercise/equipment visually reviewed; unaltered positions, native image resolution.",False
Step-ups,replacement-needed,generated-reference,Stable low step / platform,Reference (Reference),assets/cinematic/step-ups.webp,Original source/licence unverified; retained existing repository reference,Male illustrated reference retained from the existing project and visually reviewed. Real male photograph / footage and original provenance still required; not approved as real-trainer media.,False
Deadbug,replacement-needed,generated-reference,Floor / optional mat,Reference (Reference),assets/cinematic/deadbug.webp,Original source/licence unverified; retained existing repository reference,Male illustrated reference retained from the existing project and visually reviewed. Real male photograph / footage and original provenance still required; not approved as real-trainer media.,False
Pallof Press,replacement-needed,generated-reference,Cable or resistance band and secure anchor,Reference (Reference),assets/cinematic/pallof-press.webp,Original source/licence unverified; retained existing repository reference,Male illustrated reference retained from the existing project and visually reviewed. Real male photograph / footage and original provenance still required; not approved as real-trainer media.,False
Ab Wheel Rollout,approved-photo-only,real-photograph,Ab wheel and floor / mat,Position 1 (Photographed reference view (uncategorised)); Position 2 (Photographed reference view (uncategorised)),https://github.com/yuhonas/free-exercise-db/tree/main/exercises/Ab_Roller,Unlicense,"Visually reviewed: male demonstrator and exact exercise/equipment. Native source resolution retained; positions are static, never morphed.",False
Hollow Body Hold,replacement-needed,generated-reference,Floor / optional mat,Reference (Reference),assets/cinematic/hollow-body-hold.webp,Original source/licence unverified; retained existing repository reference,Male illustrated reference retained from the existing project and visually reviewed. Real male photograph / footage and original provenance still required; not approved as real-trainer media.,False
Wrist Curls,approved-photo-only,real-photograph,Dumbbells and seated forearm support (shown),Position 1 (Oblique); Position 2 (Oblique),https://github.com/yuhonas/free-exercise-db/tree/main/exercises/Seated_Dumbbell_Palms-Up_Wrist_Curl,Unlicense,"Male demonstrator and matching exercise/equipment visually reviewed; native image resolution retained, photographed positions only. No generated movement.",False
Dead Hang,replacement-needed,generated-reference,Secure overhead bar,Reference (Reference),assets/cinematic/dead-hang.webp,Project-generated output; retained as an illustrated reference,Generated straight-arm male dead-hang reference corrected and visually reviewed during the 7 October audit. Real male footage/photo replacement still required.,False
Pull-ups,approved-photo-only,real-photograph,Secure overhead pull-up bar,Position 1 (Rear); Position 2 (Rear),https://github.com/yuhonas/free-exercise-db/tree/main/exercises/Pullups,Unlicense,"Male demonstrator and matching exercise/equipment visually reviewed; native image resolution retained, photographed positions only. No generated movement.",False
Dips,approved-photo-only,real-photograph,Stable parallel bars,Position 1 (Oblique); Position 2 (Oblique),https://github.com/yuhonas/free-exercise-db/tree/main/exercises/Dips_-_Triceps_Version,Unlicense,"Male demonstrator and matching exercise/equipment visually reviewed; native image resolution retained, photographed positions only. No generated movement.",False
Dumbbell Romanian Deadlift,replacement-needed,cue-only,Pair of dumbbells,,,No approved asset,No exact male photograph or footage approved. Show exercise-specific cues; replacement asset still required.,False
Bodyweight Box Squat,replacement-needed,cue-only,Stable box / chair,,,No approved asset,No exact male photograph or footage approved. Show exercise-specific cues; replacement asset still required.,False
Banded Squat,replacement-needed,cue-only,Resistance band with handles,,,No approved asset,No exact male photograph or footage approved. Show exercise-specific cues; replacement asset still required.,False
Inverted Row,replacement-needed,generated-reference,Secure low horizontal bar,Reference (Reference),assets/cinematic/inverted-row.webp,Original source/licence unverified; retained existing repository reference,Male illustrated reference retained from the existing project and visually reviewed. Real male photograph / footage and original provenance still required; not approved as real-trainer media.,False
Farmer's Walk,approved-photo-only,real-photograph,Pair of manageable weights; farmer handles shown,Position 1 (Oblique); Position 2 (Oblique),https://github.com/yuhonas/free-exercise-db/tree/main/exercises/Farmers_Walk,Unlicense,"Male demonstrator and matching exercise/equipment visually reviewed; native image resolution retained, photographed positions only. No generated movement.",False
